<?xml version='1.0' encoding='UTF-8'?>


<!DOCTYPE faces-config PUBLIC
  "-//Sun Microsystems, Inc.//DTD JavaServer Faces Config 1.1//EN"
  "http://java.sun.com/dtd/web-facesconfig_1_1.dtd">

<!-- =========== FULL CONFIGURATION FILE ================================== -->

<faces-config>
    <navigation-rule>
      <from-view-id>/welcomeJSF.jsp</from-view-id>
    <navigation-case>
     <from-outcome>asignaturas</from-outcome>
     <to-view-id>/asignaturas.jsp</to-view-id>
   </navigation-case>   
  </navigation-rule>
    <navigation-rule>
        <from-view-id>/asignaturas.jsp</from-view-id>
        <navigation-case>
            <from-outcome>informe</from-outcome>
            <to-view-id>/informeAsignatura.jsp</to-view-id>
        </navigation-case>
    </navigation-rule>
    <navigation-rule>
        <from-view-id>/informeAsignatura.jsp</from-view-id>
        <navigation-case>
            <from-outcome>inicio</from-outcome>
            <to-view-id>/welcomeJSF.jsp</to-view-id>
        </navigation-case>
    </navigation-rule>

    <managed-bean>
        <managed-bean-name>sistema</managed-bean-name>
        <managed-bean-class>es.uam.eps.poo.jsf.SistemaJSF</managed-bean-class>
        <managed-bean-scope>application</managed-bean-scope>
    </managed-bean>
    <managed-bean>
        <managed-bean-name>asignatura</managed-bean-name>
        <managed-bean-class>es.uam.eps.poo.jsf.AsignaturaJSF</managed-bean-class>
        <managed-bean-scope>request</managed-bean-scope>
    </managed-bean>
</faces-config>
